id,user_id,ip
1,19,186.83.147.14
2,43,95.43.246.66
3,34,105.238.37.204
4,36,13.120.97.136
5,36,0.83.214.172
6,34,20.182.93.222
7,11,200.237.53.32
8,28,41.81.231.81
9,25,24.223.2.33
10,43,8.168.37.68
11,24,129.91.145.75
12,42,8.65.175.204
13,15,242.220.82.190
14,6,107.137.170.154
15,10,206.40.219.225
16,2,136.186.80.29
17,13,234.153.100.73
18,43,137.168.133.16
19,43,248.119.108.48
20,46,92.178.211.66
21,17,25.177.94.84
22,22,40.165.240.121
23,38,14.217.104.111
24,26,17.82.20.179
25,31,183.67.159.170
26,36,211.7.231.108
27,41,20.81.221.177
28,2,235.195.9.138
29,15,206.230.99.108
30,38,196.138.60.144
31,6,103.52.7.34
32,34,232.209.180.248
33,15,109.26.198.247
34,45,76.38.160.92
35,47,239.166.182.14
36,40,225.130.239.107
37,46,250.158.54.36
38,10,173.160.71.20
39,38,200.10.166.141
40,15,195.136.72.29
41,42,58.64.148.8
42,38,245.136.26.79
43,5,16.152.146.172
44,36,56.127.227.250
45,25,136.191.250.64
46,19,28.190.80.226
47,33,247.63.28.170
48,47,77.112.183.186
49,26,147.228.253.137
50,33,3.70.234.168
51,24,213.98.160.235
52,45,224.112.90.6
53,39,163.233.26.24
54,9,128.79.68.115
55,20,0.36.210.165
56,13,138.32.95.212
57,22,233.203.24.116
58,22,45.87.104.147
59,2,178.217.157.41
60,42,6.29.50.100
61,11,99.177.102.209
62,25,242.87.45.152
63,12,187.170.52.130
64,43,112.10.139.193
65,43,73.147.94.38
66,50,157.45.4.120
67,33,176.2.26.232
68,14,103.225.38.110
69,38,81.42.205.37
70,26,200.166.27.162
71,8,131.236.23.35
72,43,107.163.201.212
73,46,211.68.48.44
74,34,159.155.216.188
75,2,236.127.210.188
76,22,238.190.151.98
77,46,145.80.84.206
78,45,203.188.132.95
79,28,184.58.66.29
80,12,86.104.134.78
81,47,94.45.198.183
82,48,50.222.193.184
83,49,43.49.49.88
84,24,219.166.183.216
85,33,15.21.216.21
86,20,177.150.57.124
87,34,150.19.152.19
88,49,112.226.244.101
89,9,108.216.168.190
90,48,66.76.200.102
91,30,23.225.200.35
92,50,24.57.93.90
93,13,65.104.238.185
94,18,208.4.103.252
95,26,185.28.144.176
96,7,116.215.67.178
97,41,142.210.152.194
98,49,194.198.76.27
99,48,155.148.13.228
100,35,101.225.93.143
